Fecha,ODT,Categoría,Inspectores,Dirección
"0/12/2024, 6:11",000154,,"accardi, miranda, paliza",direc.pje.tagle 2939
"0/12/2024, 6:18",000155,,"villafane, lencina, buscando",direc.maipu 50
"2/1/2025, 6:00",000158,,"flores,lencina",direc.congreso esq.lavalle 598
"2/1/2025, 6:07",000159,,"miranda, viera,soria",direc. buenos as. 501
"2/1/2025, 6:15",000160,,,direc.bolivar esq.alem
"2/1/2025, 6:31",000157,,"correa,cancino,martinez",direc.av.belgrano 2795
"3/1/2025, 1:35",000161,,"segovia,diaz",direc.av.benjamin araoz 52
"3/1/2025, 1:38",000162,,"cancino,jerez,martinez",direc. santiago 920
"6/1/2025, 2:09",000163,,"miranda, viera,jerez",direc. entre rios 660
"6/1/2025, 2:13",000164,,"nieva, carrizo,soria",direc.entre rios esq. lavalle s/o
"6/1/2025, 2:15",000165,,"cancino,correa, martinez",direc. entre rios esq.lamadrid s/o
"6/1/2025, 2:20",000166,,"flores, lencina",direc. entre rios 489
"6/1/2025, 2:24",000167,,"segovia,diaz",entre rios 1495 carniceria
"7/1/2025, 8:10",,,,
"8/1/2025, 2:52",000169,,"lencina,flores,nieva",direc. 9 d julio 2325
"8/1/2025, 3:00",000170,,"miranda,viera,jerez",direc.corrientes 642
"8/1/2025, 3:06",000171,,"correa,carrizo,martinez",rivadavia 1526
"8/1/2025, 3:12",000172,,"soria,cancino",direc.rivadavia 1594
"8/1/2025, 3:19",000173,,"segovia,diaz",direc.rivadavia 1952
"9/1/2025, 6:46",000174,,,sirec.av.america 1734
"9/1/2025, 6:50",000175,direc.catamarca 330,"miranda,viera,jerez",24 d septiembre 886
"0/1/2025, 6:08",000176,,"miranda, martinez,rueda",direc.av.salta desde 700 al 800
"0/1/2025, 6:13",000177,,"lencina,flores, nieva",direc.martin berho 148
"0/1/2025, 6:18",000178,,"jerez, cancino, carrizo,soria",direc.av.alem 1796 supermercado expte.dr.arroyo
"3/1/2025, 4:36",000179,,"lencina,flores,rueda",direc. av.colon 1413
"3/1/2025, 4:41",000180,,,direc.maipu desde 500 al 600
"3/1/2025, 4:52",000181,,"viera, martinez",
"4/1/2025, 8:42",000182,,"lencina,flores,rueda",av.avellaneda 81
"4/1/2025, 8:47",000184,,"nieva,cancino",direc.congreso 70/72
"4/1/2025, 8:49",000185,,"soria,martinez",direc.9 d julio 2000
"5/1/2025, 7:37",000183,,"miranda,viera,jerez",direc.ecuador esq.bulnes s/e
"5/1/2025, 4:55",000186,,"lencina, flores,martinez",direc.25 de mayo 265
"5/1/2025, 5:07",000187,,"miranda, jerez",direc.25 de mayo desde 20 al 50 drugstore y heladeria
"5/1/2025, 5:16",000188,,"cancino, nieva",direc.25 de mayo 170 al 180 mondo
"7/1/2025, 7:38",000190,,"soria, viera",direc. av.kirchner 2801
"7/1/2025, 7:48",000191,direc.av.colon 421 denuncia,"miranda,jerez,flores",prospero mena 548 expte.arroyo
"7/1/2025, 8:00",000192,,"nieva,cancino,rueda,martinez",direc. santiago 955 p.b expte arroyo
"8/1/2025, 9:25",000193,,"miranda,jerez,flores",direc.9 d julio 276
"8/1/2025, 9:28",000194,,"soria,martinez,vieradirec.9 d julio 368",
"8/1/2025, 9:31",000195,,"nieva, cancino,rueda",direc.9 d julio 72
"0/1/2025, 2:42",000197,,"nieva,cancino,martinez",direc.9 de julio 53 (drugstore)
"0/1/2025, 2:44",000198,,"miranda, flores, biscardi",direc.av.roca 1207 expte.15619/24
"0/1/2025, 9:19",000199,,"esquivel, diaz",9 d julio 26 (pizzeria)
"1/1/2025, 5:24",000200,,"nieva,martinez,cancino",direc.9 de julio 238 (bar)
"1/1/2025, 5:30",000201,,"miranda,jerez,soria",direc.9 de julio 108 (polleria)
"2/1/2025, 10:03",000203,,"nieva,cancino,soria",direc.9 de julio esq. crisostomo n/e carniceria
"2/1/2025, 10:08",000204,,"miranda,jerez,flores",direc.25 d mayo d 0 al 100 pancherias
"3/1/2025, 6:09",000205,,"avila, cancino, nieva",direc.9 de julio esq.san lorenzo n/e (drugstore)
"3/1/2025, 6:29",,,"soria, pentucci",direc.9 de julio esq.piedras n/e bar cafeteria
"3/1/2025, 6:34",000208,,"miranda, jerez, flores",direc. 9 julio 379 (carniceria)
"4/1/2025, 3:36",000209,,"avila, nieva, cancino",direc.munecas 381
"4/1/2025, 3:45",000210,,"miranda,jerez,flores",direc.9 d julio 849
"4/1/2025, 3:48",000211,,"soria, pentucci",direc.9 julio y av roca drugstore
"7/1/2025, 7:46",000212,,"miranda, saavedra,flores,cabezas",direc.laprida 896
"7/1/2025, 7:47",000213,,,direc. laprida 824
"7/1/2025, 7:51",000214,,"nieva,jerez,soria",direc.laprida 741
"7/1/2025, 7:51",000215,,,direc. sta.fe 396 esq.laprida.
"7/1/2025, 7:58",000218,,"pentucci, cancino",direc.9 d julio 618
"7/1/2025, 7:58",000219,,,direc. 9 d julio 629
"9/1/2025, 7:08",000223,,,
"9/1/2025, 7:12",000224,,"pentucci, cancino, soria",
"9/1/2025, 7:12",000225,,,
"0/1/2025, 9:11",000226,,"esquivel, diaz",direc.munecas 1308 polleria
"0/1/2025, 9:11",000227,,,direc.munecas 1367 miniserie carniceria
"0/1/2025, 9:15",000228,,"pentucci, flores",direc.santiago 955 p.b
"0/1/2025, 9:17",000229,,"saavedra,rueda,cancino,figueroa",direc.corrientes 601esq.munecas superm.aledo
"0/1/2025, 10:17",000230,,,
"0/1/2025, 10:17",000331,,,
"1/1/2025, 2:39",000232,,"pentucci, cancino",direc. monteagudo 1637
"1/1/2025, 2:42",000233,,"villafane,flores,figueroa",direc.corrientes 415 esq.laprida heladeria grido
"1/1/2025, 2:43",000234,,,
"3/2/2025, 6:08",000235,,"villafane, soria, figueroa",direc.25 d mayo 265
"3/2/2025, 6:08",000237,,,direc. 25 d mayo 22
"3/2/2025, 6:15",000238,,"nieva, correa, cancino",direc. 25 d mayo 1697
"3/2/2025, 6:15",000239,,,direc. 25 d mayo y penaloz
"4/2/2025, 4:35",000240,,"soria, correa",direc.9 de julio 298
"4/2/2025, 5:06",000242,,,direc. 25d mayo y san juan <se edito este mensaje.>
"4/2/2025, 5:20",000243,,"jerez, cancino, nieva,paliza, pentucci",direc.25 de mayo 18/22pizzada
"4/2/2025, 5:20",000244,direc.santiago y catamarca tello,,
"5/2/2025, 6:01",000251,,"correa, jerez,paliza",direc.25 d mayo esq. santiago n/o
"5/2/2025, 6:05",000252,,"pentucci,soria, cancino",direc. 25 d mayo 560
"5/2/2025, 6:12",000244,,"villafane,avila,nieva",
"5/2/2025, 6:12",000245,,,
"6/2/2025, 10:51",000253,,"diaz,esquivel",direc.25 d mayo esq.corrientess/o
"6/2/2025, 10:51",000254,,,direc. 25 d mayo esq.corrientes s/e
"6/2/2025, 3:57",000255,,"villafane,avila, pentucci",direc. 25 de mayo 372
"6/2/2025, 3:57",000256,,,direc.san juan 501/509 local 3 y 4
"6/2/2025, 4:01",000258,,,direc. 25 mayo 494
"6/2/2025, 4:08",000259,,"correa, nieva, paliza",direc.av.independencia 2530
"6/2/2025, 4:08",000260,,,direc.adolfo de la vega 48/50
"6/2/2025, 9:12",000262,,,
"9/2/2025, 1:44",000263,,"nieva,correa,paliza",direc.lamadrid 202 esq. entre rios
"9/2/2025, 1:47",000265,,"villafane,avila,soria",
"9/2/2025, 1:47",000266,,,direc. san lorenzo 72
"9/2/2025, 1:53",000267,,"cancino, jerez, figueroa",direc.25 d mayo 1808
"9/2/2025, 1:53",000268,,,direc.25 d mayo y venezuela s/e
"0/2/2025, 4:00",000269,,"jerez, pentucci, cancino",direc.la rioja 122
"0/2/2025, 4:00",000270,,,direc.la rioja 129
"0/2/2025, 4:05",000271,,,direc.la rioja 195
"0/2/2025, 4:05",000272,,,direc.la rioja 163
"0/2/2025, 4:27",000273,,"villafane, paliza, figueroa",
"0/2/2025, 4:27",000274,,,
"1/2/2025, 9:55",000277,,"vier, paliza,correa",direc.la rioja esq.san lorenzo n/e
"1/2/2025, 9:55",000278,,,direc.la rioja desde 500 al 600
"1/2/2025, 10:03",000279,,"cancino,pentucci, romano",direc.la rioja esq. crisostomo n/o
"1/2/2025, 10:03",000280,,,direc.la rioja esq.crisostomos/e
"1/2/2025, 11:21",000281,,"alamo, jerez",direc.la rioja esq. 24 de septiembre 998
"2/2/2025, 3:32",000282,,"villafane,paliza,cancino",direc.bolivar 506
"2/2/2025, 3:32",000283,,,direc.9 d julio 689
"2/2/2025, 3:34",000284,,"pentucci,romano,vier",direc.av.alem 927
"2/2/2025, 3:34",000285,direc.rondeau 1166 denuncia,,
"2/2/2025, 3:36",000286,,"accardi,jerez,alamo",direc.lapida 181
"3/2/2025, 8:05",000287,,"accardi,villafane,paliza",direc.alberdi esq.san lorenzo n/o
"3/2/2025, 8:05",000288,,,direc.san lorenzo esq.bernabe
"3/2/2025, 8:18",000289,,"correa, alamo,ibanez",direc.san luis 299 esq.piedras
"3/2/2025, 8:18",000290,,,direc.san luis 199 esquivel.san lorenzo
"3/2/2025, 8:25",000291,,"cancino,jerez",direc.san luis 130
"3/2/2025, 8:28",000292,direc.rondeau1166 denuncia,"pentucci, romano,vier",
"3/2/2025, 8:28",000293,,,direc. av.alem 927
"4/2/2025, 8:26",000294,,"villafane,ibanez,correa",direc.la rioja 93
"4/2/2025, 8:26",000295,direc. congreso 72 (reinspeccion),,
"4/2/2025, 8:29",000296,,"pentucci,vier,romano",direc.bernabe araoz 1111
"4/2/2025, 8:29",000297,,,
"4/2/2025, 8:34",000298,direc.rondeau 1166 denuncia,"accardi,paliza,alamo",
"4/2/2025, 8:37",000299,,"rivas,veliz,segovia",direc.la rioja 419
"4/2/2025, 8:37",000300,,,direc.rioja 327 <se edito este mensaje.>
"7/2/2025, 5:02",000301,,"villafane,correa,vier",direc. laprida 896
"7/2/2025, 5:02",000303,,,direc laprida 127
"7/2/2025, 5:04",000304,,"paliza,alamo,ibanez,romano",
"7/2/2025, 5:04",000305,,,direc.la rioja 605
"8/2/2025, 8:10",000308,,,
"8/2/2025, 8:10",000309,,,direc.ayacucho 723
"8/2/2025, 8:15",000310,,"villafane,correa,vier",direc.san miguel 753 expte.12124/25 oficio 27942
"8/2/2025, 8:15",000311,,,direc.san luis 102
"8/2/2025, 8:32",000312,,"alamo,pentucci,romano",direc.la rioja 802 drugstore
"8/2/2025, 8:32",000313,,,direc.la rioja 802 pizzas empanadas
"8/2/2025, 8:44",000316,,"accardi,villafane,figueroa",direc.crisostomo 360
"8/2/2025, 9:46",000314,,"rivas,segovia,veliz",direc.entre rios esq. rondeau n/o miniserie
"8/2/2025, 9:46",000315,,,direc. entre rios entre 750 al 800
"9/2/2025, 6:49",000317,,"accardi,nieva,avila",direc.av. colon 1413
"9/2/2025, 6:51",000318,,"ibanez,paliza",direc.virgen d la merced 589
"9/2/2025, 6:51",000319,,,direc.virgen d la merced 411
"9/2/2025, 6:55",000320,,"villafane,vier,correa",direc.munecas 1367
"9/2/2025, 6:55",000321,,,direc.martin berho 148
"9/2/2025, 6:58",000322,,"pentucci, romano",direc.entre rios 749
"9/2/2025, 6:58",000323,,,direc.entre rios 719
"0/2/2025, 8:17",000326,,"accardi,paliza,romano",direc.entre rios esq.lavalle s/e
"0/2/2025, 8:17",000327,,,direc.entre rios esq. av. roca n/e
"0/2/2025, 8:23",000,,"villafane,nieva,alamo",dire. laprida 25
"0/2/2025, 8:23",000329,,,direc.laprida 115
"0/2/2025, 8:25",000330,,"correa,ibanez",direc.las heras 61
"0/2/2025, 8:26",000331,,"pentucci,vier",direc. las heras 15
"2/2/2025, 2:59",000334,,"villafane,alamo,vier",direc.marcos paz 94 polleria
"2/2/2025, 2:59",000335,,,
"2/2/2025, 3:09",000336,,"pentucci,ibanez,romano",direc.marcos paz esq.munecas bar
"2/2/2025, 3:09",000337,,,
"2/2/2025, 3:14",000338,,"accardi,paliza",direc.av.alem 469
"2/2/2025, 3:16",000339,,"accardi,paliza,nieva, avila, figueroa",direc. las piedras 1485
"2/2/2025, 3:23",000340,,"rivas,segovia,veliz",direc.marcos paz 252
"2/2/2025, 3:23",000341,,,direc.marcos paz esq. balcarce n/o
"5/2/2025, 5:45",000342,,"lencina, villafane,alamo",direc.santiago 179 bar
"5/2/2025, 5:45",000343,,,direc. santiago 195 bar
"5/2/2025, 5:50",000344,,"pentucci,romano,paliza",direc.santiago 141
"5/2/2025, 5:50",000345,,,direc. santiago 161
"5/2/2025, 5:55",000346,,"accardi,avila,figueroa",direc.25 d mayo 22
"5/2/2025, 5:57",000347,,"rivas,ibanez,vier",direc.corrientes 464 polleria
"5/2/2025, 6:00",000349,,"segovia, veliz",direc.corrientes esq.jose paso n/o panificacion
"5/2/2025, 6:03",000350,,"villafane,lencina, alamo",direc.santiago esq. avellaneda s/o miniservice
"5/2/2025, 6:03",000351,,,direc. santiago esq.avellanedan/o comest. gral.
"5/2/2025, 6:08",000352,,"accardi,paliza, romano",direc.corrienres 19 maxi kiosco
"5/2/2025, 6:08",000353,,,
"6/2/2025, 7:37",000354,,"rivas,ibanez",direc.corrientes 705maxikiosco <se edito este mensaje.>
"6/2/2025, 7:42",000355,,"segovia,vier,veliz",direc.corrientes 705 verduleria
"6/2/2025, 7:45",000356,,"accardi,villafane, alamo",direc. bs.as. desde 400 al 450 (el puesto)
"6/2/2025, 7:45",,,,direc.gral.paz 582
"6/2/2025, 7:58",000360,,"segovia, ibanez",direc.cordoba 890 panaderia
"6/2/2025, 8:01",000358,,"rivas,vier,veliz",
"6/2/2025, 8:01",,,,direc.santiago esq. monteagudo n/e drugstore
"7/2/2025, 11:07",000360,,"segovia, ibanez",direc.cordoba 892
"7/2/2025, 11:12",000361,,"lencina,villafane,paliza",direc.corrientes 102 esq. balcarces/o
"7/2/2025, 11:12",000362,,,direc.corrientes 165
"7/2/2025, 11:16",000363,,"accardi,miranda,romano",direc.av.colon esq. pje supari s/o
"7/2/2025, 11:16",000366,,,direc.av.alem748
"7/2/2025, 11:21",000364,,"alamo,pentucci,correa",direc.balcarce 605 p.b local 1 esq. corrientes n/e
"7/2/2025, 11:21",000365,,,direc.corrientes 103esq.balcarcen/o
"8/2/2025, 9:29",000,,"segovia,veliz,vier",
"9/3/2025, 8:32",000497,,"accardi,miranda,jerez",direc.jose colombres 250
"9/3/2025, 8:37",000500,,"soria,lencina,flores",direc.marcos paz 860/66
"9/3/2025, 8:37",000501,,,direc. marcos paz 807
"9/3/2025, 8:42",000502,,"villafane,pentucci, romano",direc.av.colon n°421
"9/3/2025, 8:53",000503,,"nieva,paliza,cancino",direc.marcos paz n°802
"9/3/2025, 8:53",000504,,,direc. marcos paz n° 802 esq. junin s/o
"9/3/2025, 9:07",000505,,"segovia,vier,veliz",direc.marcos paz n°420 maxikiosco
"9/3/2025, 9:07",000506,,,direc.marcos paz n° 420 pasteleria
"9/3/2025, 9:17",000507,,"rivas,ibanez",direc. marcos paz esq.maipu s/e
"9/3/2025, 9:17",000508,,,direc.marcos paz n° 724
"0/3/2025, 8:54",000509,categoria. ratificacion de decomiso,"romano,cancino",direc.prospero mena 353
"0/3/2025, 8:58",000510,categ.insp.integral,"accardi,jerez,paliza",direc.alberdi 1273 panaderia
"0/3/2025, 8:58",000511,,,direc.alberdi 1273
"0/3/2025, 9:31",000512,categoria.insp.integral,"soria,correa,alamo","direc.las heras 764 polleria, carniceria"
"0/3/2025, 9:31",000513,,,ddirec.las heras 792 comestible
"0/3/2025, 9:38",000514,categoria.denuncia,"villafane,lencina,flores",direc. lamadrid 1545
"1/3/2025, 8:01",000515,categoria.denuncia,"segovia,vier,veliz",direc.av.siria 2611 drugstore santa rita
"1/3/2025, 8:06",000516,cat.insp.integral,"rivas,ibanez",direc. las heras 801
"1/3/2025, 8:06",000517,cat.insp. integral,,direc.las heras 800
"4/3/2025, 7:11",000518,categoria insp.integral,"accardi,jerez,paliza",direc.av.alem 261 cresta negra
"4/3/2025, 7:11",000519,categ. insp. integral,,direc.av.alem 201 bar
"4/3/2025, 7:19",000520,categ. insp.integral,"correa,soria,cancin",direc.prospero mena 121 verduleria
"4/3/2025, 7:19",000521,categ.insp.integral,,direc.prospero mena 125 comestible
"4/3/2025, 7:23",000522,categ.insp. integral,"lencina, villafane,flores",direc.prospero mena 494 panaderia
"4/3/2025, 7:23",,categ.insp.integral,,direc.prospero mena 487 distrib.
"4/3/2025, 7:28",000524,categ. insp.integral,"romano,nieva,pentucci",direc.prospero mena 521 bar
"4/3/2025, 7:28",000525,categ.insp.integral,,direc. prospero mena 521 bar
"4/3/2025, 7:35",000526,categoria.insp.integral,"segovia,veliz,vier",direc. matienzo 189 vta.comidas
"4/3/2025, 7:35",000527,categ. insp.integral,,"direc matienzo esq. san lorenzo n/o vta.fiambres,lacteos"
"4/3/2025, 7:38",000528,categ. insp.integral,"rivas,ibanez",direc.matienzo esq.san lorenzo n/e carniceria
"5/3/2025, 3:05",000529,categ. insp.integral,"cancino,romano,avila",direc.miguel lillo 286 bar
"5/3/2025, 3:05",000530,categ.insp.integral,,direc. miguel lillo esq.piedras n/e comest.gral
"5/3/2025, 3:12",000531,categ.inspec.integral,"alamo, correa, nieva",direc.miguel lillo 360 bar- pub.
"5/3/2025, 3:12",000532,categ.insp.integral,,direc.miguel lillo 362 distribuidora de bebidas
"5/3/2025, 3:23",000533,categoria. nueva insp.expte 12291_ oficio 16667,"accardi, lencina, figueroa",direc. corrientes 835
"5/3/2025, 3:23",000534,categoria. denuncias expte 12273/25 expte. 12282/25,,direc fracia 39
"5/3/2025, 10:43",000535,categ.insp.integral,"segovia,jerez,ibanez",direc. 9 de julio 241
"5/3/2025, 10:43",000536,categoria. insp.integral,,direc.9 de julio 274
"5/3/2025, 10:48",000537,categoria. insp.integral,"rivas, viera, veliz",direc.miguel lillo esq.lavalle 1501 n/o
"5/3/2025, 10:48",000538,categ. insp. integral,,
"6/3/2025, 9:35",000539,categ.insp.integral,"villafane,lencina,flores",direc.bernabe a. 801 esq. rondeau n/o drugstore
"6/3/2025, 9:35",000540,categ. insp.integral,,direc.bernave a. esq. av.roca n/o vta.comestible
"6/3/2025, 9:43",000541,categ.insp.integeal,"cancino,soria,correa",direc. 9 de julio 108 vta.d pollos
"6/3/2025, 9:48",000543,categ.insp.integral,"romano,paliza,jerez",direc.9 de julio 283 comest.gral
"6/3/2025, 9:48",000544,careg.insp.integral,,direc.9 de julio esq.piedras n/e bar
"6/3/2025, 10:11",000545,categ. denuncia,"accardi, nieva, pentucci",direc. moreno esq.lavalle carniceria
"6/3/2025, 10:11",000546,categ.insp.integral,,
"6/3/2025, 10:17",000547,categ. insp.integral,"segovia, ibanez",direc. entre rios desde 510 al 520 vta.d comestible
"6/3/2025, 10:17",000548,categ. insp.integral,,direccion entre rios desde 550 al 570 bar tatty
"7/3/2025, 7:01",000552,categ.inspeccion integral,,direc. 9 de julio esq.san lorenzo n/e
"7/3/2025, 7:06",000553,categoria insp.integral,"lencina,villafane,flores",direc.9 de julio esq.san lorenzo s/o
"7/3/2025, 7:06",000554,categ.insp. integral,,direc.9 d julio esq.piedras n/o
"7/3/2025, 7:12",000555,categ.insp.integ,"romano,soria,alamo",direc. 9 de julio de 205 al 215
"7/3/2025, 7:12",000556,categ.insp.integral,,9 d julio 276 al 280
"7/3/2025, 7:31",000557,categoria.insp. integral,"nieva,paliza,correa",direc.chacabuco 245 al 250
"7/3/2025, 7:31",000558,categ.insp.integral,,direc.chacabuco 244 al 250
"7/3/2025, 7:39",000559,categ.insp. integral,"jerez,cancino,pentucci",direc.9 de julio 836
"7/3/2025, 7:39",000560,categ.insp.integral,,direc.9 d julio 855 al 870
"7/3/2025, 7:44",000561,categ. verificar e informar,"accardi, figueroa",marcos paz esq.balcarce n/o
"7/3/2025, 9:27",000564,categ.insp.integral,"rivas,veliz,vier",direc.chacabuco 130 al 140bar
"7/3/2025, 9:27",000565,categ.inspeccion integral,,direc.chacabuco 150 al 160 panaderia
"7/3/2025, 9:33",000566,categ.insp.integral,"segovia, ibanez",direc.entre rios esq.san lorenzo s/e cafeteria
"7/3/2025, 9:33",000567,categoria insp.integral,,direc.entre rios esq.piedrasn/o cafeteria
"0/3/2025, 10:47",000568,categ.insp.integral,"avila,cancino,corre",direc. brigido teran esq.pje.sta.cruz s/o bar
"0/3/2025, 10:47",000569,categ.insp.integral,,direc.brigido teran 151 panaderia
"0/3/2025, 10:53",000570,categ.insp.integral,,direc.chacabuco 41 cafeteria
"0/3/2025, 10:53",000571,categ.verificar e informar,,direc.marcos paz 957 bar
"0/3/2025, 11:02",000572,categ. insp.integral,"paliza,romano,pentucci",direc.entre rios 334 comest.vta.de pollo
"0/3/2025, 11:02",000573,categ.insp. integral,,direc.entre rios 489 al 500 comest.la mora
"0/3/2025, 11:05",000574,categoria.ratific.de clausura,"jerez, soria",direc.prospero mena 521
"0/3/2025, 11:07",000575,categoria.operativo campo norte,"accardi,villafane,nieva,figueroa",
"0/3/2025, 11:11",000576,categ.insp.integral,"rivas,veliz,vier",direc.entre rios 70 al 85 drugstore
"0/3/2025, 11:11",000577,categ.insp.integral,,direc.entre rios 86 al 90 verduleria
"0/3/2025, 11:21",000578,categ.insp.integral,"segovia,ibanez",direc. chacabuco 20 al 30 bar cafeteria
"0/3/2025, 11:21",000579,categ.insp.integral,,direc.entre rios esq.lavalles/e vta.comida
"1/3/2025, 8:03",000580,categ.verificar e informar,"villafane, lencina, flores",direc.9 de julio 629
"1/3/2025, 8:05",000583,categ.reinspeccion,"soria, cancino",direc. 24 de septiembre 998
"1/3/2025, 8:17",000584,categoria.insp.integral,"alamo,paliza,romano",direc. av.salta 375
"1/3/2025, 8:20",000586,categ. insp.integral,"ibanez, vier, diaz",direc.munecas 379
"1/3/2025, 8:50",000585,categ.insp.integral,"rivas, segovia, veliz",direc.av. siria 1231
"1/4/2025, 8:13",000587,categ. ratif.de decomiso,"soria, correa",direc.francia 39
"1/4/2025, 8:22",000558,categ. denuncia,"accardi, cancino, avila",direc.moreno esq. lavalle 101
"1/4/2025, 8:33",000589,categ.insp.integral,"lencina, villafane,flores",direc.congreso esq.bolivar s/e
"1/4/2025, 8:33",000590,categ.insp.integral,,direc.congreso desde 700 al 720
"1/4/2025, 8:38",000592,categ.inspec integral,"romano, jerez.nieva",direc.catamarca 130 al 140
"1/4/2025, 8:38",,categ.insp.integral,,direc.catamarca esq.mendoza s/e
"1/4/2025, 8:48",000593,categ.insp.integral,"pentucci, alamo",direc. av salta n°20 al 30
"1/4/2025, 8:48",000594,categoria insp.integral,,direc. av salta n°22 al 30
"1/4/2025, 8:56",000598,categ. insp.integral,"diaz, ibanez, vier",direc.av.salta 770 al 780
"1/4/2025, 8:56",000599,categ. insp.integral,,direc. av.salta 760 al 790
"1/4/2025, 8:59",000596,categ. insp.integral,"rivas,segovia,veliz",direc.congreso 700 al 730
"1/4/2025, 8:59",000597,categ.insp.integral,,direc.congreso 709 al 715
"3/4/2025, 6:31",000600,categ.verificar e informar,"accardi,flores,cancino",direc.marcos paz 217
"3/4/2025, 6:31",000601,categ.nueva inspeccion,,direc.maipu 50
"3/4/2025, 6:42",000602,categ.nueva inspeccion,"nieva, alamo, jerez",direc.av.salta 797esq.sta.fe
"3/4/2025, 6:42",000603,categ.reinspeccion,,direc.corrientes 415 esq.laprida n/o
"3/4/2025, 6:45",000604,categ.operativo con via publica,"correa, pentucci, soria, romano",direc.av.salta esq. cordoba
"4/4/2025, 7:36",000605,categ. insp.ibtegral,"paliza, ibanez, vier",direc.catamarca d 420 a 430
"4/4/2025, 7:36",000606,categ.insp.integral,,direc.catamarca 450 al 459
"4/4/2025, 7:39",000607,categ. insp.integral,"rivas, veliz,diaz",direc.catamarca 300 al 340
"4/4/2025, 7:39",000608,categ.insp.integral,,direc.catamarca 310 al 330
"4/4/2025, 7:42",000609,categ.insp.integral,"pentucci,cancino,nieva",direc.av.salta 78
"4/4/2025, 7:42",000610,categ.av.salta 110,,
"4/4/2025, 7:53",000611,categoria insp. integral,"romano, soria, paliza",
"4/4/2025, 7:53",000612,categ.junin y san juan n/o,,
"4/4/2025, 7:55",000613,categ.verif.e informar,"jerez, alamo,correa",direc.25 de mayo 1697 <se edito este mensaje.>
"4/4/2025, 8:04",000613,categoria.reinspeccion,"villafane,flores,lencina",direc.virgen de la merced esq.corrientes s/e
"4/4/2025, 8:04",000615,categ.verif.e informar,,direc. 25 de mayo 599 esq.corrientes s/e
"4/4/2025, 8:07",000616,categoria.verificar e informar,"accardi,avila,figueroa",direc.munecas 1893
"4/4/2025, 8:11",00018,categ.insp.integral,"ibanez,vier,diaz,veliz",direc.junin 550 al 600
"4/4/2025, 8:11",000619,categ.insp.integral,,
"7/4/2025, 8:44",000620,categ.insp.integral,"villafane,flores,lencina",direc.san lorenzo 350 al 360 vta.comida
"7/4/2025, 8:44",000621,categ.insp.integral,,direc. san lorenzo esq.heras. comest.en gral
"7/4/2025, 8:52",000622,categ.insp.integral,"correa,romano,cancino",direc.san lorenzo 276 vta.pollo
"7/4/2025, 8:52",000624,categ.insp.integral,,
"7/4/2025, 9:00",000625,categ.insp.integral,"jerez,alamo,nieva",direc.las piedras 475 vta.comestible
"7/4/2025, 9:00",000626,categ.insp.integral,,direc.las piedras y 9 de julio n/e bar
"7/4/2025, 9:10",000627,categ.insp.integral,"paliza,pentucci",direc.las piedras y pje.2 de abril s/o bar
"7/4/2025, 9:57",000628,categ.insp.integral,"accardi,avila,figueroa","direc.piedras 302 polleria,pescaderia"
"7/4/2025, 9:57",000629,,,"direc.las piedras 364 bar,cafeteria"
"7/4/2025, 10:09",000631,categ.insp.integral.,"veliz, vier",
"7/4/2025, 10:10",000630,categoria.insp.integral,"ibanez, diaz",direc.san lorenzo 103
"8/4/2025, 7:52",000632,categ.ratif.de clausura expte.12354,,ratif.de decomiso expte.12355
"8/4/2025, 7:58",000633,categ.insp.integral,"villafane,lencina,flores,cancino,pentucci",direc.corrientes 2533
"8/4/2025, 7:58",000634,,,direc.av.ejerc.del norte 599 esq.corrientes
"8/4/2025, 8:08",000635,categ.insp.integral,"romano,correa,paliza,jerez",direc.corrientes 2299 esq.av.ejerc.del norte
"8/4/2025, 8:08",000636,categ.insp.integral,,direccion.corrientes 2201
"8/4/2025, 8:14",000637,categ.insp.integral,"nieva,alamo,soria",direc.mendoza 2167
"8/4/2025, 8:14",000638,,,direc.mendoza 2185
"8/4/2025, 8:18",000641,categ.insp.integral,"veliz, vier",direc.corrientes 2640 al 2650 polleria verduleria
"8/4/2025, 8:43",000639,categ.insp.integral,"ibanez, diaz",direc.san lorenzo 898
"8/4/2025, 8:43",000640,,,direc.san lorenzo 888
"0/4/2025, 8:41",000642,categ.insp.integral,,
"0/4/2025, 8:43",000643,categ.insp.integral,,direc.mendoza 800 esq.av.salta
"0/4/2025, 8:49",000644,categ.insp.integral,"jerez,pentucci,correa",direc.san lorenzo esquivel.av.alem n/e
"0/4/2025, 8:49",000645,categoria.insp.integral,,direc.san lorenzo esq.miguel lillo s/e
"0/4/2025, 8:55",000646,categ.insp.integral,"alamo,nieva",direc.12 de octubre esq.san martin n/e
"0/4/2025, 8:55",000647,categ.insp.integral,,direc.12 de octubre esq.corrientesn/e
"0/4/2025, 9:21",000648,categ.insp.integral,"romano,soria",direc.san martin esquivel.balcarcen/e
"0/4/2025, 9:21",000649,categ.insp.integral,,direc.san martin 153
"3/4/2025, 11:10",,categ.insp integral,"diaz, vier",direc. san martin esq. monteagudo s/e
"3/4/2025, 11:10",000653,categ.insp.integral,,direc.san martin esq.monteagudo n/o
"3/4/2025, 11:16",000654,categ.verificar e informar,"accardi, flores.jerez",direc.9 julio 253l.2 expte.12366/25
"3/4/2025, 11:16",000655,categ. reinspeccion expte.12019/25,,
"3/4/2025, 11:25",000656,categ.reinpeccion expte. 12061/25,"alamo, soria,cancino",direc.laprida 741
"3/4/2025, 11:25",000657,categ.denuncia,,direc.san juan 945
"3/4/2025, 11:52",000658,categ.ratificacion de clausura,"correa,romano",direc.brigido teran164
"3/4/2025, 11:55",000659,categ. insp.integral,"segovia,rivas,veliz",direc.av.alem esq.lamadrid n/o
"3/4/2025, 11:55",000660,categ.insp.integral,,direc. av. alem esq.lamadrid n/e
"3/4/2025, 11:58",000661,categ.insp.integral,"diaz, vier",
"3/4/2025, 11:58",000662,categ.insp.integral,,direc.las piedras 164
"4/4/2025, 3:43",000663,categoria reinspeccion,"accardi, paliza",direc.bernabe araoz 198
"4/4/2025, 3:43",000664,categ. reinspeccion,,direc.san lorenzo 999
"4/4/2025, 3:47",000665,categ.insp.integral,"correa, romano",direc.catamarca 214
"4/4/2025, 3:47",000666,categ.insp.integral,,direccion.catamarca 232
"4/4/2025, 3:50",000667,categ.insp.integral,"cancino, soria, pentucci",direc.cordoba 402
"4/4/2025, 3:50",000668,categ. insp.integral,,direc.laprida esq.cordoba n/o
"4/4/2025, 9:03",000669,categ.reinspeccion,"vier, ibanez, diaz",direc.entre rios 610
"4/4/2025, 9:03",000670,categ. denuncia,,direc.la rioja 669 <se edito este mensaje.>
"4/4/2025, 9:07",000672,categ. denuncia,,
"5/4/2025, 8:50",000673,categ.insp.integral,"alamo, cancino, correa",direc.laprida 458
"5/4/2025, 8:56",000675,categ.insp.integral,"paliza, nieva,pentucci",insp. catamarca 470 al 490
"5/4/2025, 8:56",000676,categ.insp.integral,,
"5/4/2025, 9:01",000677,categ.ratificacion de clausura y ratif.de decomiso,,direc.av salta 10
"5/4/2025, 9:03",000679,categ.verificar e informar,"accardi, flores, avila",direc.25 de mayo 1899
"6/4/2025, 6:54",000680,categ.insp.integral,"rivas,segovia ,veliz",direc.lsprida 420 al 450
"6/4/2025, 6:54",000681,categoria.insp.integral,,dire.laprida 390 al 400
"6/4/2025, 6:58",000682,categ.insp.integral,"ibanez, vier, diaz",direc.laprida esq.cordoba s/e
"6/4/2025, 6:58",000683,categ.insp.integral,,laprida300 al 320
"6/4/2025, 7:03",000684,categ.insp.integral,"romano, cancino, correa",direc.catamarca 800 al 810
"6/4/2025, 7:03",000685,categ.insp.integral,,direc.catamarca 880 al 900
"6/4/2025, 7:07",000686,categ.insp.integral,"paliza,nieva,soria",direc.laprida 340 al 360
"6/4/2025, 7:07",000689,categ.insp.integral,,direc.laprida 370 al 390
"6/4/2025, 7:18",000688,categ. ratificacion de decomiso,"pentucci, alamo",direc. av.sala 797
"6/4/2025, 7:23",000690,categ.reinspeccion,"accardi, flores, avila",direc. rondeau 1166 <se edito este mensaje.>
"1/4/2025, 8:11",000695,categoria verificar e informar,"accardi, flores, soria",direc.las piedras 1499
"1/4/2025, 8:17",00696,categ.insp.integral,"jerez, romano, paliza",direc.catamarca esq.colombia n/e
"1/4/2025, 8:17",000697,categ.insp.integral,,direc. catamarca esq.ecuador n/e
"1/4/2025, 8:36",000698,categ.insp. integral,"alamo, pentucci, cancino",direc.virgen d la merced 750 al 760
"1/4/2025, 8:36",000699,categ.inspeccion integral,,direc.virgen d la merced 790 al 800
"1/4/2025, 8:54",000700,categoria.insp.integral,"ibanez, avila",direc.av.mitre 15 al 25
"1/4/2025, 8:54",000701,categ.insp.integral,,direc. av.mitre 100 al 115
"1/4/2025, 9:00",000702,categ.insp.integral,"segovia, diaz",
"1/4/2025, 9:00",000,categ.insp.integral,,
"1/4/2025, 9:06",000704,categ.insp.integral,"rivas, veliz, vier",direc.pueyrredon 315 al 335 polleria
"1/4/2025, 9:06",000705,categ.insp.integral,,direc.pueyrredon 300 al 350
"2/4/2025, 1:38",000706,categ.insp.integral,"alamo, romano, paliza",direc.las piedras 90 al 100
"2/4/2025, 1:38",000707,categ.insp.integral,,direc.las piedras 90 al 110
"2/4/2025, 1:47",000708,categ. insp.integral,"soria, pentucci, jerez",direc.av.roca 950 al 970
"2/4/2025, 1:47",000709,categ.insp.integral,,direccion.av.roca 980 al 1000
"2/4/2025, 1:57",,categ.reinspeccion,"accardi ,flores",
"2/4/2025, 1:57",000710,,,direc.corrientes 751
"2/4/2025, 2:17",000712,categ. insp.integral,"cancino, correa",direc.av.roca 70 al 80
"2/4/2025, 2:17",000713,categ.insp.integral,,direc.av.roca 70 al 100
"2/4/2025, 8:52",000715,categ.insp. integral,,direc. las piedras 280 al 300 polleria
"2/4/2025, 10:52",000716,categ.insp.integral,"segovia, diaz",direc.las piedras 300 al 310 carniceria
"2/4/2025, 10:52",000717,categ.insp.integral,,direc las piedras 440 al 450 cafeteria
"2/4/2025, 10:59",000718,categ.insp.integral,"rivas, veliz, vier",direc.las piedras 168 l2 polleria
"2/4/2025, 10:59",000719,categ.insp.integral,,direc.las piedras 168 l 4 drugstore
"3/4/2025, 8:36",000720,categ.insp.integral,"jerez, romano,correa",direccion.av.roca 397
"3/4/2025, 8:36",000721,categ.denuncia,,direc.av kirchner 2800
"3/4/2025, 8:50",000723,categoria denuncia,,direc.jujuy 1170
"3/4/2025, 8:55",,categ.verificar e informar,"accardi, flores, cancino",direc.bs. as. 501
"3/4/2025, 8:55",000726,categ.verificar e informar,,direc.las heras esq.lavalle
"3/4/2025, 9:22",000727,categ.insp.integral,"ibanez, avila",direc.av.roca 993
"3/4/2025, 9:22",000728,categ.insp.integral,,direc.av.roca1065
"3/4/2025, 9:30",000731,categoria.insp.integral,"rivas, veliz, vier",direc.av.roca 131
"3/4/2025, 9:30",000732,categ.insp.integral,,direccion.av.roca 199
"3/4/2025, 9:33",000729,categoria.ins.integral,"segovia, diaz",direc.av roca esq.bernabe araoz n/o
"3/4/2025, 9:33",000730,categoria.insp.integral,,direc.av.roca 1399 <se edito este mensaje.>
"5/4/2025, 12:18",000733,categ.denuncia,"soria,pentucci,paliza",direc.mate de luna esq.pellegrini
"5/4/2025, 12:18",000734,,,direc.guemes 159
"5/4/2025, 12:21",000735,categ.denuncia,"jerez,romano,correa",direc.gral paz 1414
"5/4/2025, 12:21",000736,,,direc.lamadrid 1557
"5/4/2025, 12:32",000737,categ.denuncia,"nieva, alamo, cancino",
"5/4/2025, 12:32",000738,,,direc.mendoza 388
"5/4/2025, 1:34",000739,categ.verificar e informar,"accardi, flores",direccion.san lorenzo 1208
"5/4/2025, 1:34",000740,categ.denuncia,,direccion.la rioja 669
"5/4/2025, 1:38",000741,categ.denuncia,"ibanez, avila",direccion.cordoba 450
"5/4/2025, 2:21",000742,categ.denuncia,"segovia, diaz",direc.espaan 150
"5/4/2025, 2:23",000743,categ.denuncia,"rivas, vier, veliz",direc.munecas 1893
"5/4/2025, 2:44",000744,categ.insp.integral,"nieva, romano, paliza",direc. lavalle n° 10 al 20
"5/4/2025, 2:44",000745,,,direc. lavalle n° 80 al 90
"5/4/2025, 3:04",000746,categ.insp.integral,"alamo,correa,pentucci",
"5/4/2025, 3:04",000747,categoria.insp.integral,,direc.lavalle n° 300 al 320
"5/4/2025, 3:17",000748,categ.insp.integral,"soria, cancino, jerez",direc. lavalle 510 al 540
"5/4/2025, 3:17",000749,,,
"5/4/2025, 3:36",000750,categ.verificar e informar,"accardi, flores, figueroa",direc. congreso 302
"5/4/2025, 3:36",000751,categoria verificar e informar,,direc.9 de julio 401
"8/4/2025, 8:25",000752,categ.denuncia,"ibanez,segovia,avila",direc.av. belgrano y diagonal 1 el turco
"8/4/2025, 8:32",000753,categ.denuncia,"rivas,vier,veliz",direc.av.benjamin araoz n° 50 al 60 pancheria
"8/4/2025, 8:32",000754,,,direc.av.benjamin araoz n° 80 al 100 cafeteria
"8/4/2025, 8:37",000755,categ.denuncia,,direc.av alem 469
"8/4/2025, 8:37",000756,categ.denuncia,,direc.av.alem 780
"8/4/2025, 8:54",000757,categ.denuncia,"flores, jerez,correa",
"8/4/2025, 9:08",000758,categ.denuncia,"paliza,soria,romano",
"8/4/2025, 9:08",000759,,,direc.santiago 161
"8/4/2025, 9:14",000760,categ.supervisar,"accardi,nieva,figueroa",direccion.av.alem 469 y 790 q en realidad es 740 cafeteria cc
"8/4/2025, 9:16",000762,categ.denuncia,"segovia, ibanez,diaz",
"8/4/2025, 11:04",000761,categ.denuncia,"rivas,veliz,vier",direc.dean funes 338
"9/4/2025, 5:43",000763,categ. denuncia,"cancino, alamo,pentucci",direc.espana 1452
"9/4/2025, 5:43",000764,categ.denuncia,,direc.espana 1850 <se edito este mensaje.>
"9/4/2025, 5:47",000765,categ.denuncia,"lencina,flores,jerez",direc.bulnes 399 esq.san juan
"9/4/2025, 5:47",000766,categ.denuncia,,direc.adolfo de la vega 50
"9/4/2025, 5:50",000767,categoria denuncia,"paliza, correa, romano",direccion.matienzo 1391
"9/4/2025, 5:50",000768,categ.denuncia,,direccion.libertad 1700
"9/4/2025, 5:53",000769,categ.ratificacion d decomiso,soria dante,direc.laprida 378
"9/4/2025, 5:55",000770,categ.supervisar,"accardi,nieva, figueroa",direc.espana1850
"9/4/2025, 9:21",000771,categ.denuncia,"segovia,diaz, ibanez",direc.paraguay 4612/13
"9/4/2025, 9:21",000772,categ.denuncia,,direc.belisario roldan 1220 mza j block 1
"9/4/2025, 10:16",000772,categ denuncia,"rivas, veliz, vier",
"1/5/2025, 10:39",000774,categ.reinspeccion,"lencina, flores, jerez",direccion.24 de septiembre esq.av.salta2la
"1/5/2025, 10:39",000775,categ.reinspeccion,,direc.24 de septiembre 904esq.jujuy
"1/5/2025, 10:45",000776,categ.denuncia,"cancino, pentucci,soria",direc.chacabuco 3500
"1/5/2025, 10:45",000777,categ.denuncia,,direccion.ayacucho 3400
"1/5/2025, 10:50",000778,categ.denuncia,"paliza, correa romano",direccion.mario bravo 158
"1/5/2025, 10:53",000779,categ.verificar,"accardi, nieva, figueroa",direc.av.salta 10
"1/5/2025, 10:55",,categ.insp.integral,"rivas,veliz,vier",direc.av.roca 370 al 390 carniceria
"1/5/2025, 10:55",000781,categ insp.integral,,direccion.bolivar 20 al 30 almacen
"1/5/2025, 10:58",000782,categ.insp.integral,"segovia,ibanez, diaz",direccion.bolivar esq.bs.as n/o bar
"1/5/2025, 10:58",000783,categ insp.integral,,direc.bolivar esq.bs.as. n/e drugstore
"5/5/2025, 10:16",000784,,"lencina,jerez,flores",direccion.av alem 186
"5/5/2025, 10:16",000785,,,direccion san martin 941
"5/5/2025, 10:28",000786,categ.insp.integral,,direccion.sarmiento 787
"5/5/2025, 10:28",000787,categ.inspec.integral,,direccion.sarmiento 745
"5/5/2025, 10:36",000788,categ.insp.integral,"pentucci,cancino, romano",direccion.maipu 510
"5/5/2025, 10:36",000789,categ.inspec integral,,direccion.maipu 512
"5/5/2025, 10:44",000790,categoria denuncia,"accardi, figueroa",
"5/5/2025, 11:06",000791,categ.inspeccion integral,"ibanez, segovia, diaz",
"5/5/2025, 11:06",000792,categ insp.integral,,
"5/5/2025, 11:10",000793,categ.insp.integral,"rivas,veliz,vier",
"5/5/2025, 11:10",000794,categ.insp.integral,,
"6/5/2025, 3:51",,categ.insp.integral,"lencina,flores, jerez",direccion.25 d mayo 891
"6/5/2025, 3:51",,,,direccion.25 de mayo 851
"6/5/2025, 3:58",,categ.insp.integran,"alamo,romano",direccion.laprida 741
"6/5/2025, 3:58",,,,direccion.laprida esq.sta.fe
"6/5/2025, 4:36",,categ.insp.integral,"pentucci,cancino, correa",direccion. sarmiento esq.pje.garcias/e
"6/5/2025, 4:36",,,,direc. sarmiento esq.pje.garcia s/o
"6/5/2025, 4:59",,categ.inspeccion integral,"soria, paliza",direccion.sarmiento 80
"6/5/2025, 4:59",,,,sarmiento esq.balcarce s/o <se edito este mensaje.>
"6/5/2025, 5:15",,categoria verificar e informa.,,direc.24 de septiembre esq.salta
"6/5/2025, 5:15",,catamarca 847,,
"7/5/2025, 9:06",000795,categ.insp.integral,,direc.junin 613
"7/5/2025, 9:06",000796,categ.insp.integral,,junin 629
"7/5/2025, 9:08",000797,categ.insp.integral,"rivas,veliz,vier",direccion.maipu 604
"7/5/2025, 9:08",000798,categ.insp.integral,,direccion.maipu 610 <se edito este mensaje.>
"7/5/2025, 9:15",000799,categ.insp.integral,romano soria,direccion.maipu 780 al 800
"7/5/2025, 9:15",000800,careg insp.integral,,direccion.maipu 750al 800
"7/5/2025, 9:17",000811,categ.insp.integral,,direccion.santiago 53
"7/5/2025, 9:17",000812,categ insp.integral,,direccion.santiago 141
"7/5/2025, 9:24",000813,categ.verificar e informar,"lencina,flores,jerez",direccion.congreso esq.lavalle 598
"7/5/2025, 9:24",000814,categ.verificar e informar,,direccion.lavalle 598 <se edito este mensaje.>
"7/5/2025, 9:27",000815,categ.ratific.de clausura,"alamo,paliza",direccion.jujuy 1178
"7/5/2025, 9:27",000816,categoria.verificar e informar,,
"7/5/2025, 9:32",000817,categoria.verificar e informar,"accardi, nieva",direccion.maipu 14
"7/5/2025, 9:32",000818,categoria.verif.e informar,,direccion.san juan 398
"8/5/2025, 9:29",000819,categ.insp.integral,"segovia, diaz",direc. maipu 750 al 800
"8/5/2025, 9:29",000820,categ.insp.integral,,maipu780 al 800
"8/5/2025, 9:36",000823,categ. insp.integral,"riivas,veliz vier",direc.san martin900 al 1000
"8/5/2025, 9:36",000824,categ.insp.integral,,direc.sa. martin 1100 al 1200
"8/5/2025, 9:43",000825,categ.insp.integral,"ibanez, esquivel",direc.santa fe 01 al 10
"8/5/2025, 9:43",000826,categ.santafe esq.avellaneda n/o,,
"8/5/2025, 9:51",000828,categ.insp.integral,,direc.santa fe 90 al 1000
"8/5/2025, 9:57",000829,categ.verificar e informar,"lencina,flores,jerez",direc.san lorenzo 1601
"8/5/2025, 9:57",000830,categ. denuncia,,direc.av alem 316
"8/5/2025, 10:05",000831,categ.insp.integral,"alamo,paliza",direc.marcos paz 600al 620
"8/5/2025, 10:05",000832,categ.insp.integral,,direc.marcos paz esq.marcos paz.
"8/5/2025, 10:11",000833,categ.insp.integral,"romano,soria",direc.santiago 160 al 180
"8/5/2025, 10:11",000834,categ.insp.integral,,direccion.santiago 170 al 190
"8/5/2025, 10:16",000835,categoria.verificar e informar,"accardi, nieva, figueroa",direc.francia 39
"8/5/2025, 10:16",000836,categ.denuncia,,direc.la rioja 619
"8/5/2025, 10:16",000837,categ.reinspeccion,,direccion.san martin 941
"8/5/2025, 10:24",000838,categ.insp.integral,"segovia, diaz",
"8/5/2025, 10:25",000839,categ.insp.integral,,direccion.av.america 692
"8/5/2025, 10:36",000840,categ.insp.integral,"ibanez,esquivel",direccion.av america 680 al 700
"8/5/2025, 10:36",000841,categoria.insp.integral,,direccion.av.america 500 al 540
"8/5/2025, 10:43",000842,categ. denuncia,"rivas, veliz,vier",direc.chacabuco 1000
"8/5/2025, 10:43",000843,categ.insp.i tegral,,direccion.chacabuco 1099
"9/5/2025, 7:18",000844,categ. denuncia,"accardi, nieva",direccion.av.roca 129 el abasto
"9/5/2025, 7:24",000845,categ.ratificac.de clausura,"pentucci,correa,cancino",direc.matienzo 1391
"9/5/2025, 7:24",000846,categ.inspeccion integral,,direc.gral.paz y matienzo 404
"9/5/2025, 7:32",000847,categ.verificar e informar,"lencina,flores,jerez",direc.av soria 1231
"9/5/2025, 7:37",000848,categ. denuncia,"alamo,romano,soria",
"9/5/2025, 7:57",000849,categ.insp.integral,"segovia,ibanez,diaz",direc.amador lucero 830 al 870
"9/5/2025, 7:57",000850,categ.insp.integral,,direc.amador lucero esq.bolivar
"2/5/2025, 9:04",000853,categ.verificar e informar,,direc.mendoza 390
"2/5/2025, 9:04",000854,categ.verificar e informar,,direc.la rioja 669
"2/5/2025, 9:06",000855,categ.verif.e informar,"paliza, soria",direccion.pje.tagles 2939 <se edito este mensaje.>
"2/5/2025, 9:10",000856,categ.insp.integral,"alamo,romano,pentucci",direccion.av colon 654
"2/5/2025, 9:10",000857,,,direc.av.colon 664
"2/5/2025, 9:15",000858,categ.insp.integral,"correa, cancino",direc.av.colon 502
"2/5/2025, 9:15",000859,,,direc.av.colon 574
"2/5/2025, 9:28",000860,categ.vrrificar,,direccion.salta 22
"2/5/2025, 9:30",000861,categoria. insp.integral,,direc.av.colon 198
"2/5/2025, 9:30",000862,,,direccion.av.colon esq.gral paz n/e
"2/5/2025, 9:36",000863,categ.insp.integral,"rivas, vier, veliz",direc.av.colon 435
"2/5/2025, 9:36",000454,categ.insp.integral,,direccion.av.colon 454
"3/5/2025, 8:34",000865,categ.insp.integral,"cancino,correa,paliz",direc.baltazar aguirre 414
"3/5/2025, 8:34",,categ.insp.integral,,direc.baltazar aguirre 461
"3/5/2025, 8:38",000867,categ.insp.integral,"lencina,flores jerez",direc.baltazar aguirre esq. san lorenzo n/e
"3/5/2025, 8:38",000868,categ.insp.integral,,direc. baltazar aguirre esq.gral paz n/e
"3/5/2025, 8:49",000869,categ.insp.integral,"alamo,romano,pentucci",direc.guemes 720
"3/5/2025, 8:49",000870,,,direc.guemes 889
"3/5/2025, 8:54",000871,categ.ratificacion de decomiso,soria,direc santiago 141
"3/5/2025, 8:57",000872,categ.verificar e informar,"accardi,cabezas,figueroa",direc.san juan 202
"3/5/2025, 8:57",000873,categ.reinspeccion,,direc.av.salta 790
"3/5/2025, 9:17",000874,categ.insp.integral,"ibanez,segovia,diaz",direc.av.colon 817
"3/5/2025, 9:17",000875,categ.insp.integral,,direc.av.colon 845
"3/5/2025, 9:24",000876,categ.insp.integral,"rivas,veliz,vier",direc.av.colon 337
"3/5/2025, 9:24",000877,categ.insp.integral,,direc.av.colon 383
"4/5/2025, 9:47",000878,categ. inspec.integral,"lencina, flores, jerez",direccion.buenos aires esq.florida
"4/5/2025, 9:47",000879,categ. insp.integral,,direc.buenos aires 1200 al 1240
"4/5/2025, 9:52",000880,categ. insp.integral,"alamo, romano,pentucci",direc.buenos aires 1270 al 1290
"4/5/2025, 9:52",000881,categ.insp.integral,,direc.buenos aires 1300 al 1320
"4/5/2025, 10:04",000882,categ. insp.integral,"correa, cancino",direc.las heras 1190 al 1210
"4/5/2025, 10:04",000883,categ.insp.integral,,direc.las heras 1210 al 1220
"4/5/2025, 10:08",000884,categ. insp.integral,"paliza, soria",direc.chacabuco desde 1000 al 1020
"4/5/2025, 10:08",000885,categ insp.integral,,direc.chacabuco esq.la plata n/e
"4/5/2025, 10:16",000886,categ.denuncia,"accardi, nieva, figueroa",direc.necochea 628
"4/5/2025, 10:16",000887,categ denuncia,,direc av.independencia 2530
"4/5/2025, 10:16",000888,categ denuncia,,direc.berutti esq.pje pedro gsal
"4/5/2025, 10:23",000889,categ insp integral,"ibanez, segovia,diaz",
"4/5/2025, 10:23",000890,categ insp.integral,,
"4/5/2025, 10:25",000891,categ insp.integral,"rivas, veliz, vier",direc.jujuy 980 al 1000
"4/5/2025, 10:25",000892,categ insp integral,,direc.jujuy esq alsina s/e
"5/5/2025, 9:41",000894,categ.insp.integral,"lencina, flores,jerez",direc jujuy esq.plata s/e
"5/5/2025, 9:41",000895,categ.insp.integral,,direc.jujuy 1160 al 1180 <se edito este mensaje.>
"5/5/2025, 9:48",000896,categ.insp.integral,"correa, cancino",direc.moreno 1300 al 1400
"5/5/2025, 9:48",000897,categ.insp.integral,,direc.moreno 1450 al 1500
"5/5/2025, 9:53",000898,categ.insp.integral,"soria, paliza",direc.entre rios esq. av.roca s/o
"5/5/2025, 9:53",000899,,,direc.entre rios esq.alsina n/e
"5/5/2025, 9:56",000900,categ.insp.integral,"alamo, pentucci",dire las heras 1040 al 1060
"5/5/2025, 9:56",000901,categ.insp.integral,,direc.las heras 1280 al 1310
"5/5/2025, 10:00",000902,categ.denuncia,"accardi,nieva,cabezas",direc.necochea 628
"5/5/2025, 10:00",000903,categ.verificar e informar,,direc.alfonsina storni 160
"5/5/2025, 10:09",000905,categ.insp.integral,,direc.entre rios esq.pje misiones s/o
"5/5/2025, 10:09",000906,categ.insp.integral,,direc.entre rios 1150 al 1180
"5/5/2025, 10:12",000907,categ.insp.integral,rivas veliz vier,direc.las heras 1310 al 1320
"5/5/2025, 10:12",000908,categ.insp.integral,,las heras 1320 al 1360
"6/5/2025, 8:11",000909,categ.insp.integral,"correa, cancino",direc.congreso 1290 al 1300
"6/5/2025, 8:11",000910,categ.insp.integral,,direc.congreso 1300 al 1320
"6/5/2025, 8:14",000911,categ.insp.integral,"romano,alamo,pentucci",direc.las heras 1370 al 1390
"6/5/2025, 8:14",000912,categ.insp.integral,,direc.las heras 1400 al 1510
"6/5/2025, 8:19",000913,categ.insp.integral,"lencina, flores,jerez",direc.congreso esq.florida s/e
"6/5/2025, 8:19",000914,categ.insp.integral,,direc.congreso esq.la plata n/o
"6/5/2025, 8:29",000915,categ.insp.integral,"soria, paliza",direc. alsina 100 al 120
"6/5/2025, 8:29",000916,categ.insp.integral,,direc.alsina 190 al 200
"6/5/2025, 8:36",000917,categ.verificar e informar,"accardi,nieva, figueroa",direc.gral.paz 522
"6/5/2025, 8:36",000918,categ.denuncia,,direc.cordoba 499
"6/5/2025, 8:41",000919,categ.insp.integral,"ibanez, segovia,diaz",direc.mario bravo 350 al 390
"6/5/2025, 8:41",000920,categ.insp.integral,,
"6/5/2025, 9:06",000921,categ.insp.integral,rivas veliz vier,direc.alsina 200 al 300
"6/5/2025, 9:06",000922,categ.insp.integral,,direc.alsina 400 al 500
"9/5/2025, 10:37",000923,categ.insp.integral,"alamo,paliza,cancino",direc.santiago esq.av.ejercito del norte
"9/5/2025, 10:37",,categ.insp.integral,,direc.santiago 2480 al 2500
"9/5/2025, 10:41",000925,categ.verificar e informar,"pentucci,correa,romano",
"9/5/2025, 10:41",000926,categ.insp.integral,,direc.av.siria 2180 al 2190
"9/5/2025, 10:45",000927,categ.insp.integral,"jerez, flores",direc.av.belgrano 2520 al 2530
"9/5/2025, 10:45",000928,categ.insp.integral,,direc.av. belgrano esq.castelli s/e
"9/5/2025, 10:48",000929,categ.verificar e informar,"accardi, nieva,figueroa",direc.corrientes 601 esq. munecas
"9/5/2025, 10:50",000930,categ.insp.integral,,direc.santiago esq.azcuenaga
"9/5/2025, 10:50",000931,categ insp.integral,,direc.santiago esq.azcuenaga
"9/5/2025, 10:53",000932,categ.insp.integral,"rivas, vier,veliz",direc.av belgrano esq.azcuenaga s/e
"9/5/2025, 10:53",000933,categ.insp.integral,,direc.av belgrano 2730 al 2740
"1/5/2025, 1:02",000934,categ.ratificacion de clausura,"lencina,flores,jerez",direc.guemes724
"1/5/2025, 1:02",000935,categ.ratif.de clausura,,direc.av.independencia 2530
"1/5/2025, 1:13",000936,categ.insp.integral,"alamo,paliza,cancino",direc.av.belgeano esq.saavedra s/e
"1/5/2025, 1:13",000937,categ.insp.integral,,av.belgrano 2362 <se edito este mensaje.>
"1/5/2025, 1:21",000938,categ.insp.integral,"pentucci,romano,soria",direc.av.belgrano 2888
"1/5/2025, 1:21",000939,,,direc.av.belgrano 2872
"1/5/2025, 1:30",000940,categ.ratificacion d decomiso,correa avila,direc.av sarmiento 72
"1/5/2025, 1:35",000941,categ.verificar e informar,"accardi,nieva,figueroa",direc.av belgrano 2795
"1/5/2025, 1:35",000942,categ.verificar e informar,,direc.martin berho 184
"1/5/2025, 1:39",000943,categ.insp.integral,"rivas,veliz,vier",insp. san martin esq.av.ejercito del norte
"1/5/2025, 1:39",000944,categ.insp.integral,,direccion.san martin 2342
"1/5/2025, 1:47",000945,categ.verificar e informar,"ibalez, segovia, diaz",direc.gral.paz 522
"1/5/2025, 1:59",000948,categ.insp.integral,"lencina,flores,jerez",direc.marina alfaro 912
"1/5/2025, 1:59",000942,categ.insp.integral,,direc.marina alfaro 942
"1/5/2025, 2:05",000950,categ.insp.integral,"paliza,alamo,cancin",direc.marina alfaro 957
"1/5/2025, 2:05",0951,categ.insp.integral,,direccion.marina alfaro 990 al 1010
"1/5/2025, 2:46",0952,categ.insp.integral,"pentucci,romano",direc.marina alfaro 1072
"1/5/2025, 2:46",0953,,,direc.marina alfaro 1085
"1/5/2025, 2:49",0954,categ.insp.integral,"soria, correa",direc.marina alfaro 1087
"1/5/2025, 2:49",0955,,,direc.marina alfaro 1101
"1/5/2025, 7:52",000946,,,
"1/5/2025, 7:52",000948,,accardi nieva figueroa,direc.coronel zelaya 98
"4/5/2025, 3:00",0971,categ.insp.integral,"ibanez,diaz,segovia",direc.la plata 600 al 650
"4/5/2025, 3:00",0972,categ.insp.integral,,direc.la plata esq.chacabuc n/e
"4/5/2025, 3:04",0973,categ.insp.integral,"rivas,veliz,vier",direc.av.independencia 600 al 650
"4/5/2025, 3:04",0974,categ.insp.integral,,direc.av.independencia 500 al 590
"4/5/2025, 3:10",0975,categ.insp.integral,"alamo,paliza,cancino",direc.matheu 310 al 330
"4/5/2025, 3:10",0976,categ.insp.integral,,direc.matheu 300 al 320
"4/5/2025, 3:14",0977,categ.insp.integral,"soria, correa",direc.matheu 800 al 900
"4/5/2025, 3:14",0980,categ.insp.integral,,direc.matheu esq.bs.as
"4/5/2025, 3:21",0978,categ insp..integral,"pentucci,romano",direc.matheu 530 al 550
"4/5/2025, 3:21",0979,,,direc.matheu 416 local 2
"4/5/2025, 3:25",0981,categ.reinspeccion,"lencina,flores,jerez",direc.san  martin 929
"4/5/2025, 3:25",0982,categ.reinspeccion,,direc.san lorenzo 353
"4/5/2025, 3:28",0983,categ.reinspeccion,"nieva, avila",direc.prospero mena 489
"4/5/2025, 3:28",0984,categ.reinspeccion,,direc.av.alem 205
"4/5/2025, 3:30",0985,categ.insp.integral,"rivas,veliz,vier",direc.coronel zelaya 297
"4/5/2025, 3:30",0986,categ.insp.integral,,direccion.coronel zelaya 302
"4/5/2025, 3:33",0987,categ.insp.integral,"ibanez,segovia,diaz",direc.coronel zelaya 274
"4/5/2025, 3:33",0988,categ.insp.integral,,direc.coronel zelaya 264/66
"7/5/2025, 7:39",0989,categ.insp.integral,"pentucci,cancino,alamo",direc.24 de septiembre 1345
"7/5/2025, 7:39",0990,,,direc.24 de sept.1309
"7/5/2025, 7:45",0991,categ.insp.integral,"romano,correa,soria",direc.24 de septiembre 971
"7/5/2025, 8:31",1002,categ.insp.integral,"lencina,flores,jerez",direc.av.salta 797 esq.santa fe
"7/5/2025, 8:31",1003,,,dierc.virgen d la merced esq.corrientes s/e
"7/5/2025, 11:27",1004,categ.insp.integral,"romano,cancino,correa",direc.lamadrid esq.av.alem
"7/5/2025, 11:27",1005,categ.inspeccion integral,,direc.lamadrid 1100 al 1120
"8/5/2025, 8:25",1006,categ.insp. integral,"paliza, soria,alamo",direc.gral.paz 1590 al 1600
"8/5/2025, 8:25",1007,categ.insp.integral,,direc.gral.paz 1640 al 1660
"8/5/2025, 8:36",1008,categ.ratif.de clausura,"accardi,nieva,figueroa",direc.las heras 1497
"8/5/2025, 8:36",1009,categ.denuncia,,direc.bs.as 2200
"8/5/2025, 8:48",1011,categ.insp.integral,"ibanez,segovia,diaz",
"8/5/2025, 8:48",1012,,,direc.av.avellaneda 40 al 50
"8/5/2025, 8:53",1013,categ.insp.integral,"rivas,segovia,veliz",
"8/5/2025, 8:53",1014,categ.insp.integral,,direc.av.avellaneda 370 al 380
"8/5/2025, 8:59",1015,categ.denuncia,"lencina, flores, jerez",direc.av.sarmiento 1311
"8/5/2025, 8:59",1016,categ.reinspeccion,,direc.espana 979
"8/5/2025, 9:11",1017,categ.insp.integral,"romano,cancino,correa",direc.av.avellaneda esq.guatemala s/e
"8/5/2025, 9:11",1018,categ.insp.integral,,direc.av.avellaneda551
"8/5/2025, 9:20",1019,categ.insp.integral,"palisa, soria",direc.av.avellaneda esq.honduras s/e
"8/5/2025, 9:20",1020,categ.insp.integral,,direc.av.avellaneda esq.eeuu s/e
"8/5/2025, 9:23",1021,categ.insp.integral,,direc.av.avellaneda esq.pje.bordabehere s/e
"8/5/2025, 9:23",1022,categ.insp.integral,,direc.av.avellaneda 887
"8/5/2025, 9:32",1023,categoria verificar e informar,"accardi,nieva,figueroa",direc.av.siria 1204
"8/5/2025, 9:32",1024,categ.denuncia,,direc.maipu esq.manuel estrada
"8/5/2025, 9:32",1025,categ.denuncia,,direc.av.belgrano 2200
"8/5/2025, 10:21",1026,categ.insp.integral,"ibanez,segovia,diaz",direc.lucas cordoba esq.san juan n/o
"8/5/2025, 10:21",1027,categ.lucas cordobaesq.marcos paz n/o,,
"8/5/2025, 10:30",1028,categ.insp.integral,,direc.av.belgrano 1510
"8/5/2025, 10:30",1029,categ.av.belgrano 1590,,
"9/5/2025, 6:37",1030,categ. denuncia,"accardi, nieva",direc.blas parera 935
"9/5/2025, 6:37",1031,categ.reinspeccion,,direc.av.nestor kirchner 2800
"9/5/2025, 6:45",1032,categ. denuncia,"lencina,flores,jerez",av.america esq.mexico
"9/5/2025, 6:45",1033,categ.denuncia,,av.francisco de aguirre 2110
"9/5/2025, 6:57",1034,categ.insp.integral,"paliza, soria",
"9/5/2025, 6:57",1035,categ.denuncia,,direc.lucas cordoba 710 al 730
"9/5/2025, 7:09",1037,categ.insp.integral,,
"9/5/2025, 7:19",1038,categ.insp.integral,"alamo, pentucci",
"9/5/2025, 7:19",1039,categ.insp integral,,direc.asuncion 620 al 640
"1/6/2025, 10:21",1044,categ.ratificacion de clausura,"lencina, flores, paliza",direc.junin 602
"1/6/2025, 10:21",1045,categ.ratif.de clausura,,direc.av.alem 748
"1/6/2025, 10:27",1046,categ.ratific.de clausura,"cancino, soria",direccion. av. roca 565
"1/6/2025, 10:27",1047,categ.ratif.de clausura,,direc.berutti 408
"1/6/2025, 10:35",1048,categ.reinspeccion,"accardi,nieva",direc.av.roca 2800
"1/6/2025, 10:38",1049,categ.ratific.de clausura,"alamo,pentucci,romano",direc.9 de julio esq.pje.einsten n/o
"1/6/2025, 10:38",1050,categ.ratif.de clausura,,direc.jujuy 2003
"1/6/2025, 10:43",1101,categ.insp.integral,"ibanez, diaz",direc.asuncion 600al 615 vota.d pollo
"1/6/2025, 10:45",1102,categ.insp.integral,"rivas, veliz, vier",direc.asuncion 770 al 780 miniservice
"2/6/2025, 2:18",1103,categ .insp.integral,"paliza,cancino,soria",direc.amador lucero 379
"2/6/2025, 2:18",1104,,,direc.amador lucero 252
"2/6/2025, 2:21",1105,categ. denuncia,"lencina,flores, jerez",direc.mendoza 400
"2/6/2025, 2:21",1106,,,direc.mendoza 386
"2/6/2025, 2:37",1107,categ.insp.integral,"pentucci romano,correa",direc amador lucero 46
"2/6/2025, 2:37",1108,categ.insp.integral,,
"2/6/2025, 3:05",1110,categ.denuncia,"accardi, figueroa",insp.san juan 08
"8/6/2025, 5:48",1140,categ.reinspeccion,"accardi, correa,alamo",direc.av.sarmiento 1301 esq.suipacha
"8/6/2025, 6:36",1142,categ.inspec.integral,"romano, cancino, pentucci",direc.chiclana 369
"8/6/2025, 6:36",1143,categ.insp.integral,,direc.chiclana esq.san lorenzo n/o
"8/6/2025, 6:40",1144,categ.insp.integral,"lencina,flores",direc.marcos paz esq.suipacha
"8/6/2025, 6:40",1145,categ.insp.integral,,direc.marcos paz esq. mitre n/e <se edito este mensaje.>
"8/6/2025, 7:14",1146,categ.insp.integral,"ibanez,diaz,vier",direc.chiclana esq.lamadrid s/o
"8/6/2025, 7:14",1147,categ.insp.integral,,direc.chiclana 567
"8/6/2025, 7:26",1148,categ insp.integral,"rivas,veliz",direc.bulnes 231
"8/6/2025, 7:26",1149,categ.insp.integral,,direc.bulnes 235
"8/6/2025, 7:32",1150,categ.reinspeccion,"accardi, nieva",direc.mendoza 831
"8/6/2025, 7:32",1151,categ.reinspeccion,,direc.salta 208 esq.mendoza
"9/6/2025, 8:39",1153,categ.reinspeccion,,direc.san lorenzo 102 <se edito este mensaje.>
"9/6/2025, 8:42",1154,categ.insp.integral,"pentucci, romano,cancino",direc.av mitre 819
"9/6/2025, 8:42",1155,categ.insp.integral,,direc.av mitre 835
"9/6/2025, 8:47",1156,categ.insp.integral,"paliza,correa,alamo",direc.bulnes 622
"9/6/2025, 8:47",1157,categ.insp.integral,,direc.bulnes 657
"9/6/2025, 8:52",1158,categ.insp.integral,"ibanez,diaz,vier",direc.av.mitre 815
"9/6/2025, 8:55",1159,categ.insp.integral,"rivas,veliz",direccion.av.mitre 883
"9/6/2025, 8:55",,,,
"9/6/2025, 8:57",1160,categ.reinspeccion,"flores,jerez,paliza",direc.corrientes 1493 esq.12 de octubre n/e
"9/6/2025, 8:57",1161,categ.reinspeccion,,direc.av.ejerc.del norte 599 esq.corrientes
"9/6/2025, 9:00",1162,categ.reinspeccion,"correa, cancino",direc.corrientes 2533
"9/6/2025, 9:02",1163,categ.reinspeccion,"pentucci,romano,soria",direc mendoza 2167
"9/6/2025, 9:05",1156,categ.ratificacion de clausura,"accardi,figueroa",direc.entre rios 334
"9/6/2025, 9:05",1166,categ.reinspeccion,,direc.cordoba 401
"9/6/2025, 9:10",1167,categ.insp.integral,"ibanez,diaz,vier",direc.av.mitre 120 al 140carniceria
"9/6/2025, 9:10",1168,categ.insp.integral,,direc.av.mitre 20 al 30 panificacion
"9/6/2025, 9:16",1169,categ.insp.integral,"rivas,segovia,veliz",direc.av.mitre 130 al 140 drugstore
"9/6/2025, 9:16",1170,categ.insp.integral,,direc.av.mitre esq.cordoba.. comestible
"0/6/2025, 10:03",1171,categ.insp.integral,lencina flores,direc crisost. alvarez 943/45
"0/6/2025, 10:03",1172,categ.insp.integral,,direc.crisostomo 930
"0/6/2025, 10:31",1173,categ.insp.integral,"paliza,jerez,romano",direc.av.mitre 601
"0/6/2025, 10:31",1174,categ.insp.integral,,direc.av mitre 501 l2
"0/6/2025, 10:38",1176,categ.insp.integral,,direc.crisost.alvarez esq.jujuy n/o
"0/6/2025, 10:44",1177,categ.ratificacion decomiso,"soria,correa",direc.av.america 2003
"0/6/2025, 10:44",1178,categ.ratificacion de clausura,,direc.av.america 2003
"0/6/2025, 10:49",1179,categ.reinspeccion,"accardi,nieva,figueroa",direc.lavalle 315
"0/6/2025, 10:49",1180,categ.denuncia,,direc.san juan 242
"0/6/2025, 10:49",1181,categ.inspeccion,,direccion.lavalle 602 esq.bs.as
"0/6/2025, 11:00",1182,categ.insp.integral,"rivas,veliz,segovia",direccion.av.alem  10 al 50
"0/6/2025, 11:00",1183,categ.insp.integral,,direccion.av.alem 50 al 80
"3/6/2025, 8:23",1254,categ. reinspeccion,"lencina, flores, jerez",direc.sarmiento 80
"3/6/2025, 8:23",1255,categ. reinspeccion,,direc. saenz pena 75
"3/6/2025, 8:31",1256,categ. insp. integral,"correa, pentucci. paliza",direc.san juan esq. salta n/e
"3/6/2025, 8:31",1257,categ. insp. integral,,direc.san juan esq. junin n/o
"3/6/2025, 8:44",1258,categ.insp.integral,"cancino, soria, alamo, romano",direc.san juan 551 l.2
"3/6/2025, 8:44",1259,categ. insp.. integral,,direc. san juan 433
"3/6/2025, 8:56",1260,categ.solicito insp.bromatologica,"accardi, figueroa",direc. lavalle 602
"3/6/2025, 9:04",1363,categ.insp.integral,"rivas, veliz, diaz",direc.san juan 27
"3/6/2025, 9:04",1264,categ.insp.integral,,direc.san juan 37 <se edito este mensaje.>
"3/6/2025, 9:09",1261,categ.insp.integral,"ibanez, segovia, vier",direc.san juan 201
"3/6/2025, 9:09",1261,categ.insp.integral,,direc.san juan 201
"4/6/2025, 6:10",1265,categ.ratificacion de clausura,"correa,paliza,pentucci",direc.mendoza 2167
"4/6/2025, 6:10",1266,categ.ratificacion de clausura,,direc.bulnes 606
"4/6/2025, 6:21",1267,categ.reinspeccion,"lencina, flores, jerez",direc.av.siria 2181
"4/6/2025, 6:24",1268,categ.insp.integral,"alamo, soria, romano",direc.san juan 2760
"4/6/2025, 6:24",1269,categ.insp.integral,,direc.san juan 2524
"4/6/2025, 6:38",1270,categ. denuncia,"accardi,nieva,figueroa",direc.diego de villarroel 1054
"4/6/2025, 6:38",1271,categ. denuncia,,direc.mendoza 399
"5/6/2025, 8:14",1272,categ.insp.integral,"segovia,ibanez,vier",direc.san juan 2409
"5/6/2025, 8:14",1273,categ.insp.integral,,direc.san juan 2434
"5/6/2025, 8:17",1274,categ.insp.integral,"rivas,veliz,diaz",direc.9 de julio 1306
"5/6/2025, 8:17",1275,categ.insp.integral,,direc.9 de julio 1350
"5/6/2025, 8:21",1276,categ.reinspeccion,"accardi,nieva,cabezas",direc.av.kirchner 2807
"5/6/2025, 8:21",1277,categ.ratificacion de clara,,direc.av.alem 645
"5/6/2025, 8:26",1278,categ.ratificacion de clausura,"lencina,flores,jerez",direc.av.avellaneda esq.honduras s/e
"5/6/2025, 8:26",1279,categ.inspeccion integral,,direc.av.sarmiento 941
"5/6/2025, 8:36",1280,categ.insp.integral,"alamo,romano,soria",direc.9 de julio 1434
"5/6/2025, 8:36",1281,categ.insp.integral,,direccion.9 de julio 1468
"5/6/2025, 8:40",1282,categ.insp. integral,"correa,paliza,pentucci",direc.av.sarmiento 1297
"5/6/2025, 8:40",1283,categ.ratificacion de clausura,,direc.av.belgrano 1510
"5/6/2025, 8:45",1286,categ.insp.integral,"rivas,veliz,diaz",direc.bulnes esq.av.belgrano
"5/6/2025, 8:45",1287,categ.insp.integral,,direc.bulnes esq.av.belgrano n/o
"6/6/2025, 7:59",1284,categ.insp.integral,"segovia,ibanez,vier",direc.9 de julio 1198 esq florida n/e
"6/6/2025, 7:59",1285,categ.insp.integral,,direc.9 de julio 1014
"6/6/2025, 8:04",1288,categ.denuncia en conjunto con salud ambiental,"accardi, figueroa",expte.170526/2025 presentado en la direc.de salud ambiental
"6/6/2025, 8:09",1289,categ.insp.integral,"lencina,flores,jerez",direc.bulnes esq.italia n/e
"6/6/2025, 8:09",1290,categ.insp.integral,,direc.bulnes esq.uruguay3198
"6/6/2025, 8:14",1291,categ.insp.integral,"pentucci,paliza,correa",direc.bulnes esq.ecuador s/e
"6/6/2025, 8:14",1292,categ.insp.integral,,direc.bulnes esq.colombia
"6/6/2025, 8:21",1293,categ.insp.integral,"soria,alamo,romano",direc.bulnes esq.zenon santillan
"6/6/2025, 8:21",1294,categ.insp.integral,,direc.bulnes 1471
"6/6/2025, 8:23",1293,,,
"6/6/2025, 9:04",1295,categ.insp.integral,"ibanez, segovia,vier",direc.bulnes 1629
"6/6/2025, 9:04",1296,categ.insp.integral,,direc.bulnes esq.chlile <se edito este mensaje.>
"6/6/2025, 9:07",1297,categ.insp.integral,"rivas,veliz,diaz",direc.bulnes 1463
"6/6/2025, 9:07",1298,categ.insp. integral,,direc.bulnes 1346
"9/6/2025, 8:58",1299,categ.ratif.de decomiso,"soria, jerez",direc.bulnes 665
"9/6/2025, 8:58",1300,categ.ratif.decomiso,,direc.prospero mena 484/90
"9/6/2025, 9:00",1301,categ. insp integral,"lencina, flores, paliza",direc.sarmiento 1387
"9/6/2025, 9:00",1302,categ.insp.integral,,direc.av sarmiento 1389
"9/6/2025, 9:20",1303,categ.insp.integral,"pentucci,alamo,romano",direc.san lorenzo 1184 panaderia
"9/6/2025, 9:20",1304,categ.insp.integral,,direc.san lorenzo 1184 minimarket
"9/6/2025, 9:35",1305,categ.insp. bromatologia,"accardi, figueroa",direc.munecas 424
"9/6/2025, 9:40",1306,categ.insp.integral,"ibanez,segovia,vier",direc.italia 1610 al 1630
"9/6/2025, 9:40",1307,categ.insp.integral,,1640 al 1660
"9/6/2025, 9:51",1308,categ.insp.integral,italia 1420 al 1440,
"9/6/2025, 9:51",1309,categ.insp.integral,,direc.italia 1630 al 1640
"0/6/2025, 4:23",1310,categ.insp.integral,"lencina,flores,paliza",direc.rondeau esq.pje.o'higgins s/e
"0/6/2025, 4:23",1311,categ.insp. integral,,direc.rondeau esq.libertad n/e
"0/6/2025, 4:27",1313,categ.insp.integral,,direc.rondeau 2189
"0/6/2025, 4:32",1314,categ.insp.integral,"alamo,jerez romano",direc.mate de luna 1528
"0/6/2025, 4:32",1315,,,direc.mate d luna 1502
"1/7/2025, 6:31",1316,categ.insp.integral,"rivas, ibanez veliz",
"1/7/2025, 6:31",1317,categ.insp.integral <se edito este mensaje.>,,
"1/7/2025, 6:37",1318,categ.insp.integral,"segovia,vier,diaz",direc.la plata esq. 9 de julio n/o
"1/7/2025, 6:37",1319,,,direc.la plata esq.9 de julio n/o
"1/7/2025, 6:44",1320,categ.insp.integral,"alamo, paliza, romano",direc.marcos paz 3899 esq.godoy cruz n/e
"1/7/2025, 6:44",1321,categ.insp.integral,,direc.belisario roldan706 esq.marcos paz
"1/7/2025, 6:50",1322,categ.insp.integral,"cancino,correa,pentucci",direc.av.independencia esq.rioja n/o
"1/7/2025, 6:50",1323,categ.insp.integral,,direc.av.independencia 1237
"1/7/2025, 7:00",1324,categ.reinspeccion,"accardi, flores, nieva",direc.25 de mayo 819
"1/7/2025, 7:00",1325,categ.reinspeccion,,direc.laprida 199
"1/7/2025, 7:03",1326,categ.ratificacion d decomiso,"jerez, soria",
"1/7/2025, 7:03",1327,categ.ratif.decomiso,,direc.bulnes 665 <se edito este mensaje.>
"1/7/2025, 10:36",1328,categ.insp.integral,"ibanez,rivas,veliz",direc.av.independencia 1297
"1/7/2025, 10:36",1329,categ.insp.integral,,direc.av.indep.1260
"1/7/2025, 10:41",1330,categ.insp.integral,"diaz,segovia,vier",direc.av.independencia esq.av.alem s/e
"1/7/2025, 10:41",1331,categ.insp.integral,,direc.av.independencia 1507
"2/7/2025, 10:16",1332,categ.denuncia,"accardi, soria",
"2/7/2025, 10:16",1334,categ. reinspeccion,,
"2/7/2025, 10:29",1335,categ.ratif.clausura,"jerez,flores,paliza",direcav.alem 645
"2/7/2025, 10:29",1336,categ.ratific.de clausura,,direc.9 de julio 1434
"2/7/2025, 10:32",1337,categ.insp.integral,"cancino,pentucci",direc.av.independencia1500 al 1510
"2/7/2025, 10:32",1338,categ.insp.integral,,direc.av.independencia 1530 al 1560
"2/7/2025, 10:36",1339,categ.insp.integral,"romano, correa",direc.mate de lina esq.miguel lillo s/o
"2/7/2025, 10:36",1340,categ.insp.integral,,direc.mate de luna 1528
"2/7/2025, 10:40",1343,categ.insp.integral,"rivas,veliz, ibanez",direc.moreno 846
"2/7/2025, 10:40",1344,categ.insp.integral,,direc.moreno 847
"3/7/2025, 9:49",1341,categ.insp.integral,"segovia,vier,diaz",direc.san martin esq.juan l nouguez n/o
"3/7/2025, 9:49",1342,categ.insp.integral,,direc.san martin esq.juan l nouguez s/o
"3/7/2025, 9:54",1345,categ.verificar e informar,"accardi, nieva, avila",direc.laprida 351
"3/7/2025, 9:54",1346,categ.denuncia,,direc.av.sarmiento 100 esq.monteagudo
"3/7/2025, 10:01",1347,categ.reinsp.,"lencina,flores,paliza",direc.santa fe 396 esq.laprida s/e
"3/7/2025, 10:01",1348,categ.reinspeccion,,direc.maipu 510/12 <se edito este mensaje.>
"3/7/2025, 10:09",1349,categ.insp.integral,"correa,cancino,alamo",direc.congreso esq.24 de septiembre s/e
"3/7/2025, 10:09",1350,categ.insp.integral,,direc.congreso 28
"3/7/2025, 10:15",1351,categ.insp.integral,"romano,pentucci",direc.congreso 85
"3/7/2025, 10:15",1352,categ.insp.integral,,direc.congreso esq.san lorenzo n/e
"3/7/2025, 10:21",1353,categ.ratificacion de clausura,"jerez, soria",direc.necochea 628
"3/7/2025, 10:21",1354,categ.denuncia,,direc.don bosco 2828
"3/7/2025, 10:25",1357,categ.insp.integral,"segovia,vier,diaz",direc.congreso 286
"3/7/2025, 10:25",1358,categ.insp.integral,,direc.congreso 302 esq.piedras s/e
"7/7/2025, 1:00",1359,categ.reinspeccion,"accardi,lencina,jerez",direc.chacabuco 1013
"7/7/2025, 1:02",1360,categ.insp.integral,"correa,cancino,alamo",direc.congreso 320
"7/7/2025, 1:02",1361,categ.insp.integral,,direc.congreso 365
"7/7/2025, 1:27",1362,categ.insp.integral,"romano, pentucci",direc. bs.as 701
"7/7/2025, 1:27",1363,categ.insp.integral,,direc.bs.aires 1279 <se edito este mensaje.>
"7/7/2025, 1:33",1364,categ.insp.integral,"soria,paliza",direc.bs.aires 1318
"7/7/2025, 1:33",1366,categ.insp.integral,,direc.bs.aires 1154
"7/7/2025, 1:40",1367,categ.insp.integral,"ibanez, rivas,veliz",direc.congreso 85
"7/7/2025, 1:40",1368,categ.insp.integral,,direc.congreso 391
"7/7/2025, 2:43",1369,categ.denuncia,"segovia, vier, diaz",direc.don bosco 2828
"7/7/2025, 4:32",1372,categ.insp.integral,"pentucci,jerez,cancino",direc.monteagudo2424
"7/7/2025, 4:32",1373,categ.insp.integral,,direc.monteagudo esq.fco.d aguirre s/e
"7/7/2025, 4:52",1374,categ.insp.integral,"correa,paliza, romano",direc.rivadavia esq.uruguay n/e carnicer
"7/7/2025, 4:52",1375,,,direc.rivadavia 2067 polleria
"7/7/2025, 4:57",1370,categ.insp.integral,"lencina,flores",direc.9 de julio 1306
"7/7/2025, 4:57",1371,categ.insp.integral,,direc.entre rios 1047
"7/7/2025, 9:25",1376,categ.insp.bromatol,"accardi, figueroa",direc.lavalle 602
"0/7/2025, 8:02",1377,categ.insp.integral,"rivas, vier",direc.entre rios esq.lavalle s/e
"0/7/2025, 8:02",1378,categ.insp.integral,,direc.entre rios esq.av. roca n/e
"0/7/2025, 8:11",1379,categ.insp.integral,"correa, romano",direc.entre rios esq.manuela pedraza s/o (carniceria)
"0/7/2025, 8:11",1380,categ.insp.integral,,direc.entre rios 1495 (carniceria)
"0/7/2025, 8:17",1381,categ.verificar e informar,"lencina, flores",direc.san juan 33/35 expte.12830/2025
"0/7/2025, 8:17",1382,categ.verificar e informar.,,direc.alvarez condarco 397 expte.12874/2025
"0/7/2025, 8:25",1383,categ.insp.integral,"pentucci, cancino",direc.las heras 60 (polleria)
"0/7/2025, 8:25",1384,categ.insp.integral,,direc.las heras esq.piedras (carniceria)
"0/7/2025, 8:35",1385,categ. insp.transporte,"accardi, figueroa",direc.santa fe 1261
"0/7/2025, 8:43",1386,categ.insp.integral,,direc.rivadavia 1594 (carniceria)
"0/7/2025, 8:43",1387,categ.insp.integral,,direc.rivadavia 1952 (polleria)
"0/7/2025, 8:53",1388,categ.verificar y/o ratificar clausura,"lencina, flores,jerez",direc.av.independencia esq.la rioja n/o
"0/7/2025, 9:06",1389,categ.verificar e informar,"cancino, paliza",direc.av.sarmiento 1389
"0/7/2025, 9:06",1390,categ.insp.integral,,direc.av.salta esq.san juan s/o (carniceria)
"0/7/2025, 9:20",1391,categ .insp.integral,"correa, pentucci, romano",direc.rivadavia esq.delfin gallo s/o (carniceria)
"0/7/2025, 9:20",1392,categ.rivadavia 2198 esq.delfin gallo (carniceria),,
"0/7/2025, 9:30",1393,categ.insp.transporte,"accardi,nieva,figueroa",direc.santa fe 1291
"0/7/2025, 9:30",1394,categ.verificar e informar,,direc.san juan 242
"0/7/2025, 9:30",1395,categ.verificar e informar,,direc.mendoza 399
"0/7/2025, 9:39",1396,categ.insp.integral,"rivas, vier",direc.las heras esq.matheu s/o (carniceria)
"0/7/2025, 9:39",1397,categ.insp.integral,,direc.las heras esq.rondeau (polleria)
"2/7/2025, 11:40",1401,categ.verificar e informar,lencina flores,direc.san juan 433
"2/7/2025, 11:42",1402,categ.verificar e informar,"paliza, cancino",direc. av.ejercito del norte 502
"2/7/2025, 11:45",1403,categ.insp.integral,"correa, pentucci,romano",direc laprida 1198
"2/7/2025, 11:48",1404,categ.insp.integral,"accardi, nieva, figueroa",direc.laprida 209 al 215
"2/7/2025, 11:53",1405,categ.insp.integral,"rivas, vier",direc.laprida1610 al 1620 polleria
"2/7/2025, 11:53",1406,,,direc.laprida 1700 al 1710
"1/7/2025, 8:13",1425,categ.insp.integral,"lencina, flores,correa",direc.munecas 1891
"1/7/2025, 8:13",1426,categ.insp.integral,,direc.munecas 1769
"1/7/2025, 8:20",1427,categ.insp.integral,"paliza,alamo,soria",direc.25 de mayo 1697
"1/7/2025, 8:20",1428,categ.insp.integral,,direc.25 d mayo 1808
"1/7/2025, 8:50",1429,categ.insp.integral,"pentucci,romano,jerez",direc.9 de julio 1310
"1/7/2025, 8:50",1430,categ.insp.integral,,direc.9 de julio 1681
"1/7/2025, 9:06",1431,categ.insp. bromatologia,"accardi, figueroa",direc.felix d olazabal 1563
"1/7/2025, 9:06",1432,categ.verificar e informar,,direc.asuncion 629
"1/7/2025, 9:06",1433,categ.verificar e informar,,direc.bulnes esq.colombia
"1/7/2025, 9:12",1434,categ.insp.integral,"ibanez, segovia,diaz",direc.munecas 1308
"1/7/2025, 9:12",1435,categ.insp.integral,,direc.munecas 1400 esq.bolivia
"1/7/2025, 9:16",1436,categ.insp.integral,"rivas,veliz,vier",direc.9 d julio esq.malabia s/o
"1/7/2025, 9:16",1437,categ.insp.integral,,direc.9 d julio 849
"2/7/2025, 7:52",1438,categ.insp.ingegral,"lencina,flores,jerez",direc.la plata 505
"2/7/2025, 7:52",1439,categ.insp.integral,,direc.marina alfaro 1087
"2/7/2025, 7:57",1440,categ.insp.integral,"paliza,alamo,soria",direc.munecas 1891
"2/7/2025, 7:57",1441,categ.insp.integral,,direc.munecas 1769
"2/7/2025, 8:03",1442,categ.insp.integral,"pentucci, romano,jerez",direc.maipu esq.santiago n/e
"2/7/2025, 8:03",1443,categ.insp.integral,,direc.maipu esq.bolivia s/e
"2/7/2025, 8:13",1444,categ.denuncia en conjunto con salud ambiental,"accardi, figueroa",direc.laprida 181
"2/7/2025, 9:23",1445,categ.insp.integral,"ibanez, segovia,diaz",direc.av.siria esq.chile
"2/7/2025, 9:23",1446,,,direc.av.siria esq.italia n/o
"2/7/2025, 9:28",1447,categ.insp.integral,"rivas,veliz,vier",direc.ayacucho esq.lamadrid s/o
"2/7/2025, 9:28",1448,categ.insp.integral,,direc. ayacucho306
"3/7/2025, 4:06",1450,categ.insp.integral,,direc.jujuy esq.crisostomo 890/900
"3/7/2025, 4:09",1451,categ.insp.integral,"paliza,alamo,soria",direc.junin 61
"3/7/2025, 4:09",1452,categ.insp.integral,,direc.maipu esq.colombia s/e <se edito este mensaje.>
"3/7/2025, 4:12",1453,categ.insp.integral,"pentucci,romano,jerez",direc.chacabuco 396
"3/7/2025, 4:12",1454,categ.insp.integral,,direc.chacabuco 1481
"3/7/2025, 4:15",1455,categ.denuncia,"accardi,cancino,figueroa",direc.don bosco 1686
"3/7/2025, 4:15",1456,categ.denuncia,,direc.patricias argentinas y don bosco 4100
"5/7/2025, 12:45",1457,categ.insp.integral,"ibanez,segovia,diaz",direc.ayacucho esq.matheu n/o
"5/7/2025, 12:45",1458,categ.insp.integral,,direc.bs.as esq.matheu n/o
"5/7/2025, 12:49",1459,categ.insp.integral,"rivas,veliz,vier",direc.av.siria 1804 esq.colombia
"5/7/2025, 12:49",1460,categ.insp.integral,,direc.av.siria 1904 esq.venezuela
"5/7/2025, 12:55",1461,categ.insp.integral,"pentucci,romano,jerez",direc.jujuy esq.plata s/e
"5/7/2025, 12:55",1462,categ.insp.integral,,
"5/7/2025, 1:02",1463,categ.verificar e informar,"lencina,flores,correa",direc.25 de mayo 599
"5/7/2025, 1:02",1464,categ.verificar e informar,,direc.san juan 242
"5/7/2025, 1:05",1465,categ.insp.integral,"paliza,alamo",insp.la rioja 419
"5/7/2025, 1:05",1466,categ.insp.integral,,direc.la rioja 327 <se edito este mensaje.>
"5/7/2025, 1:17",1467,categ.insp.integral,"soria,cancino",direc.av.siria 1297
"5/7/2025, 1:17",1468,categ.insp.integral,,direc.av.siria 1941
"5/7/2025, 1:19",1469,categ.reinspeccion,"accardi,figueroa",direc.mendoza 401 esq.laprida
"5/7/2025, 1:19",1470,categ.reinspeccion,,direc.av.avellaneda 399
"5/7/2025, 1:19",1471,categ.denuncia,,direc.av.avellaneda 512 <se edito este mensaje.>
"5/7/2025, 1:32",1472,categ.insp.integral,"diaz,ibanez,segovia",direc.jujuy 202
"5/7/2025, 1:32",1473,categ.insp.integral,,direc.maipu 2470
